System,Target_File,Pose,MET_1,SER_2,THR_3,HIS_4,ASN_5,GLU_6,ASP_7,SER_8,LYS_9,LYS_10,ASN_11,ASN_12,ALA_13,ASP_14,GLU_15,LYS_16,ALA_17,LYS_18,ILE_19,PHE_20,SER_21,ARG_22,VAL_23,ASN_24,HIS_25,ILE_26,ILE_27,VAL_28,GLU_29,GLN_30,LEU_31,GLY_32,VAL_33,LYS_34,GLU_35,GLU_36,ASP_37,LEU_38,LYS_39,PRO_40,GLU_41,ALA_42,SER_43,PHE_44,ILE_45,ASP_46,ASP_47,LEU_48,GLY_49,ALA_50,ASP_51,SER_52,LEU_53,ASP_54,THR_55,VAL_56,GLU_57,LEU_58,VAL_59,MET_60,ALA_61,LEU_62,GLU_63,GLU_64,GLU_65,PHE_66,ASP_67,THR_68,GLU_69,ILE_70,PRO_71,ASP_72,GLU_73,ASP_74,ALA_75,GLU_76,LYS_77,ILE_78,ARG_79,THR_80,VAL_81,LYS_82,ASP_83,VAL_84,TYR_85,ASP_86,TYR_87,ILE_88,GLU_89,SER_90,LYS_91,ASP_92,VAL_93,GLY_94
A0Q7KO_ll37,AF-A0Q7K0-F1-model_v4,docking_ranked_1,0,0,0,0,0,0,0,0,0,0,0,0,0,0,0,0,0,0,0,0,0,0,0,0,0,0,0,0,0,30,1,28,0,0,0,0,0,0,0,0,0,0,0,0,0,0,0,0,0,0,0,0,13,1,0,21,57,0,11,71,4,0,13,6,0,0,0,0,60,11,113,109,86,26,15,2,102,4,0,0,0,4,26,0,0,21,19,0,0,0,15,0,0,0
A0Q7KO_ll37,AF-A0Q7K0-F1-model_v4,docking_ranked_2,0,0,0,0,0,0,0,0,0,0,0,0,0,0,0,0,0,0,0,0,0,0,0,0,0,0,0,0,0,0,0,0,0,0,0,0,0,0,0,0,1,1,6,0,20,34,4,0,0,0,1,54,61,0,11,93,12,0,3,65,0,0,40,39,0,0,40,41,76,2,0,31,2,0,15,67,17,0,77,0,0,0,0,0,0,0,0,0,0,0,0,0,0,0
A0Q7KO_ll37,AF-A0Q7K0-F1-model_v4,docking_ranked_3,0,0,0,0,0,0,0,0,0,0,0,0,0,0,0,0,0,0,0,0,0,0,0,0,0,0,0,15,85,56,0,32,1,0,0,0,0,0,0,0,0,0,0,0,0,0,0,0,0,0,0,1,63,7,0,45,81,0,0,63,12,0,0,11,0,0,0,0,0,0,0,47,27,0,4,19,0,0,0,0,0,0,0,0,0,0,0,0,0,0,0,0,0,0
A0Q7KO_ll37,AF-A0Q7K0-F1-model_v4,docking_ranked_4,0,0,0,0,0,0,0,0,0,0,0,0,0,0,0,0,0,0,0,0,0,0,0,0,0,0,0,0,62,50,4,4,0,0,0,0,0,0,0,0,0,0,0,0,0,0,0,0,0,0,0,14,65,0,0,105,47,0,21,126,32,0,14,22,0,0,0,0,0,3,0,47,24,0,0,42,0,0,2,0,0,0,0,0,0,0,0,0,0,0,0,0,0,0
A0Q7KO_ll37,AF-A0Q7K0-F1-model_v4,docking_ranked_5,0,0,0,0,0,0,0,0,0,0,0,0,0,0,0,0,0,0,0,0,0,0,0,0,0,3,0,2,110,57,14,22,0,0,0,0,0,0,0,0,0,0,0,0,0,0,0,0,0,0,3,0,49,16,0,36,49,0,3,71,1,0,10,14,0,0,0,0,39,16,28,103,34,0,7,21,0,0,0,0,0,0,0,0,0,0,0,0,0,0,0,0,0,0
A0Q7KO_ll37,AF-A0Q7K0-F1-model_v4,docking_ranked_6,0,0,0,0,0,0,0,0,0,0,0,0,0,0,0,0,0,0,0,0,0,0,0,0,0,0,0,0,0,0,0,0,0,0,0,0,1,0,32,0,17,4,33,0,42,39,53,0,0,0,4,29,0,0,0,37,0,0,17,13,0,0,13,4,0,0,28,11,84,14,4,49,0,0,2,76,0,0,137,0,0,0,0,0,0,0,0,0,0,0,0,0,0,0
A0Q7KO_ll37,AF-A0Q7K0-F1-model_v4,docking_ranked_7,0,0,0,0,0,0,0,0,0,0,0,0,0,0,0,0,0,0,0,0,0,0,0,0,0,0,0,0,0,0,0,0,0,0,0,0,0,0,0,0,36,0,29,0,43,14,7,0,0,0,1,58,39,0,26,119,1,0,53,106,2,0,47,54,0,0,1,0,1,5,0,53,0,0,41,79,32,9,172,47,0,7,14,0,0,0,0,0,0,0,0,0,0,0
A0Q7KO_ll37,AF-A0Q7K0-F1-model_v4,docking_ranked_8,0,0,0,0,0,0,0,0,0,0,0,0,0,0,0,0,0,0,0,0,0,0,0,0,1,41,0,0,22,62,1,2,0,0,0,0,0,0,0,0,0,0,0,0,0,0,0,0,0,0,0,0,0,0,0,1,32,0,5,117,24,0,50,110,3,0,22,13,60,5,38,53,79,37,0,1,155,18,0,0,0,0,30,0,0,20,36,0,0,17,1,0,0,0
A0Q7KO_ll37,AF-A0Q7K0-F1-model_v4,docking_ranked_9,0,0,0,0,0,0,0,0,0,0,0,0,0,0,0,0,0,0,0,0,0,0,0,0,0,3,0,0,44,58,0,5,0,0,0,0,0,0,0,0,0,0,0,0,0,0,0,0,0,0,0,0,5,0,0,0,48,1,0,74,24,0,37,38,0,0,18,4,66,7,42,27,113,0,0,23,22,0,0,0,0,0,0,0,0,0,0,0,0,0,0,0,0,0
A0Q7KO_ll37,AF-A0Q7K0-F1-model_v4,docking_ranked_10,0,0,0,0,0,0,0,0,0,0,0,0,0,0,0,0,0,0,0,0,0,0,0,0,58,4,0,6,66,33,0,0,0,0,0,0,0,0,0,0,0,0,0,0,0,0,0,0,0,0,0,20,46,0,0,49,41,0,0,41,31,0,0,65,28,0,0,0,0,0,0,56,23,0,2,67,0,0,3,0,0,0,0,0,0,0,0,0,0,0,0,0,0,0
A0Q7KO_melittin,AF-A0Q7K0-F1-model_v4,docking_ranked_1,0,0,0,0,0,0,0,0,0,0,0,0,0,0,0,0,0,0,0,0,0,0,0,0,1,22,0,0,30,57,0,0,0,0,0,0,0,0,0,0,0,0,0,0,0,0,0,0,0,0,0,0,3,1,0,4,65,1,0,87,47,0,32,12,8,0,0,0,67,13,21,25,0,0,0,0,0,0,0,0,0,0,0,0,0,0,0,0,0,0,0,0,0,0
A0Q7KO_melittin,AF-A0Q7K0-F1-model_v4,docking_ranked_2,0,0,0,0,0,0,0,0,0,0,0,0,0,0,0,0,0,0,0,0,0,0,0,0,0,14,0,38,101,68,3,13,1,1,0,0,0,0,0,0,0,0,0,0,0,0,0,0,0,0,0,0,2,4,0,0,61,0,2,95,28,0,28,34,0,0,0,1,34,11,70,51,5,0,0,0,0,0,0,0,0,0,0,0,0,0,0,0,0,0,0,0,0,0
A0Q7KO_melittin,AF-A0Q7K0-F1-model_v4,docking_ranked_3,0,0,0,0,0,0,0,0,0,0,0,0,0,0,0,0,0,0,0,0,0,0,0,0,19,40,0,0,107,25,0,0,0,0,0,0,0,0,0,0,0,0,0,0,0,0,0,0,0,0,0,0,0,0,0,4,11,0,2,111,50,0,25,65,15,0,0,0,22,7,13,38,0,0,0,0,0,0,0,0,0,0,0,0,0,0,0,0,0,0,0,0,0,0
A0Q7KO_melittin,AF-A0Q7K0-F1-model_v4,docking_ranked_4,0,0,0,0,0,0,0,0,0,0,0,0,0,0,0,0,0,0,0,0,0,0,0,0,0,1,0,0,40,68,0,0,0,0,0,0,0,0,0,0,0,0,0,0,0,0,0,0,0,0,0,0,0,0,0,0,33,0,0,83,13,0,13,44,0,0,0,0,58,14,69,95,68,0,0,16,0,0,0,0,0,0,0,0,0,0,0,0,0,0,0,0,0,0
A0Q7KO_melittin,AF-A0Q7K0-F1-model_v4,docking_ranked_5,0,0,0,0,0,0,0,0,0,0,0,0,0,0,0,0,0,0,0,0,0,0,0,0,9,28,0,0,66,86,1,0,0,0,0,0,0,0,0,0,0,0,0,0,0,0,0,0,0,0,0,0,5,1,0,1,29,0,7,72,52,0,29,16,21,0,0,1,66,19,22,18,3,0,0,0,0,0,0,0,0,0,0,0,0,0,0,0,0,0,0,0,0,0
A0Q7KO_melittin,AF-A0Q7K0-F1-model_v4,docking_ranked_6,0,0,0,0,0,0,0,0,0,0,0,0,0,0,0,0,0,0,0,0,0,0,0,0,0,0,0,0,0,0,0,0,0,0,0,0,0,0,0,0,0,0,4,0,95,16,0,0,0,0,3,45,8,0,7,45,0,0,8,77,0,0,32,45,0,0,50,25,26,2,2,61,0,0,4,46,0,0,75,0,0,0,0,0,0,0,0,0,0,0,0,0,0,0
A0Q7KO_melittin,AF-A0Q7K0-F1-model_v4,docking_ranked_7,0,0,0,0,0,0,0,0,0,0,0,0,0,0,0,0,0,0,0,0,0,0,0,0,0,0,0,0,0,0,0,0,0,0,0,0,0,0,0,0,0,0,0,0,59,0,0,0,0,2,12,44,0,0,14,68,0,0,20,81,0,0,54,28,0,0,29,22,51,10,5,43,0,0,14,70,0,0,57,0,0,0,0,0,0,0,0,0,0,0,0,0,0,0
A0Q7KO_melittin,AF-A0Q7K0-F1-model_v4,docking_ranked_8,0,0,0,0,0,0,0,0,0,0,0,0,0,0,0,0,0,0,0,0,0,0,0,0,0,11,0,3,70,102,10,29,0,0,0,0,0,0,0,0,0,0,0,0,1,0,0,0,0,0,0,17,38,7,2,104,68,0,4,22,15,0,0,3,4,0,0,0,0,0,0,21,0,0,7,67,0,0,16,0,0,0,0,0,0,0,0,0,0,0,0,0,0,0
A0Q7KO_melittin,AF-A0Q7K0-F1-model_v4,docking_ranked_9,0,0,0,0,0,0,0,0,0,0,0,0,0,0,0,0,0,0,0,0,0,0,0,0,0,0,0,0,0,0,0,0,0,0,0,0,0,0,0,0,0,0,8,0,86,14,0,0,0,0,0,36,1,0,4,93,0,0,14,131,0,0,23,19,0,0,9,0,6,4,2,58,1,0,22,53,0,0,92,0,0,0,0,0,0,0,0,0,0,0,0,0,0,0
A0Q7KO_melittin,AF-A0Q7K0-F1-model_v4,docking_ranked_10,0,0,0,0,0,0,0,0,0,0,0,0,0,0,0,26,0,0,0,10,0,0,0,0,0,0,0,0,0,0,0,0,0,0,0,0,0,0,0,0,0,0,0,0,0,0,0,0,0,0,0,0,0,0,0,0,0,0,0,7,0,0,52,48,0,0,50,44,143,11,36,10,0,0,0,0,0,0,0,0,0,30,0,0,2,42,1,0,32,66,59,0,10,11
A0Q7KO_smap29,AF-A0Q7K0-F1-model_v4,docking_ranked_1,0,0,0,0,0,0,0,0,0,0,0,0,0,0,0,0,0,0,0,0,0,0,0,0,0,8,0,0,26,48,2,7,0,0,0,0,0,0,0,0,0,0,0,0,0,0,0,0,0,0,0,0,20,12,0,19,54,0,3,56,20,0,23,8,0,0,0,1,3,8,37,68,82,1,0,9,0,0,0,0,0,0,0,0,0,0,0,0,0,0,0,0,0,0
A0Q7KO_smap29,AF-A0Q7K0-F1-model_v4,docking_ranked_2,0,0,0,0,0,0,0,0,0,0,0,0,0,0,0,0,0,0,0,0,0,0,0,0,0,0,0,0,0,0,0,0,0,0,0,0,0,0,0,0,0,0,0,0,32,8,0,0,0,1,10,93,0,0,30,54,0,0,7,11,0,0,39,48,4,0,59,17,70,11,44,88,47,0,10,31,0,0,59,0,0,0,0,0,0,0,0,0,0,0,0,0,0,0
A0Q7KO_smap29,AF-A0Q7K0-F1-model_v4,docking_ranked_3,0,0,0,0,0,0,0,0,0,0,0,0,0,0,0,0,0,0,0,0,0,0,0,0,0,0,0,0,0,0,0,0,0,0,0,0,0,0,0,0,0,0,8,0,31,38,0,0,0,0,0,39,0,0,11,62,0,0,9,16,0,0,31,0,0,0,24,19,60,11,10,79,0,0,30,54,0,0,35,0,0,0,0,0,0,0,0,0,0,0,0,0,0,0
A0Q7KO_smap29,AF-A0Q7K0-F1-model_v4,docking_ranked_4,0,0,0,0,0,0,0,0,0,0,0,0,0,0,0,0,0,0,0,0,0,0,0,0,0,0,0,0,0,0,0,0,0,0,0,0,0,0,0,0,0,0,5,0,23,31,0,0,0,0,0,53,32,0,18,88,0,0,20,74,0,0,35,4,0,0,15,15,59,5,14,46,0,0,17,60,0,1,80,0,0,0,0,0,0,0,0,0,0,0,0,0,0,0
A0Q7KO_smap29,AF-A0Q7K0-F1-model_v4,docking_ranked_5,0,0,0,0,0,0,0,0,0,0,0,0,0,0,0,0,0,0,0,0,0,0,0,0,0,0,0,0,4,29,0,0,0,0,0,0,0,0,0,0,0,0,0,0,0,0,0,0,0,0,0,0,17,0,0,66,25,0,34,90,1,0,13,12,0,0,0,0,3,8,2,101,57,0,24,20,0,0,0,0,0,0,0,0,0,0,0,0,0,0,0,0,0,0
A0Q7KO_smap29,AF-A0Q7K0-F1-model_v4,docking_ranked_6,0,0,0,0,0,0,0,0,0,0,0,0,0,0,0,0,0,0,0,0,0,0,0,0,0,0,0,0,0,0,0,0,0,0,0,0,0,0,0,0,0,0,1,0,24,22,0,0,0,0,0,9,5,0,0,79,0,0,13,54,0,0,51,2,0,0,20,4,46,12,7,68,0,0,13,40,0,0,54,0,0,0,0,0,0,0,0,0,0,0,0,0,0,0
A0Q7KO_smap29,AF-A0Q7K0-F1-model_v4,docking_ranked_7,0,0,0,0,0,0,0,0,0,0,0,0,0,0,0,0,0,0,0,0,0,0,0,0,0,0,0,0,0,0,0,0,0,0,0,0,0,0,0,0,0,0,5,2,69,14,0,0,0,0,0,56,1,0,34,75,0,0,14,93,0,0,64,73,0,0,53,18,57,11,5,46,0,0,9,38,0,8,88,0,0,0,0,0,0,0,0,0,0,0,0,0,0,0
A0Q7KO_smap29,AF-A0Q7K0-F1-model_v4,docking_ranked_8,0,0,0,0,0,0,0,0,0,0,0,0,0,0,0,0,0,0,0,0,0,0,0,0,0,0,0,0,0,0,0,0,0,0,0,0,0,0,0,0,0,0,15,0,46,68,9,0,0,0,7,64,15,0,14,120,0,0,10,71,0,0,33,9,0,0,20,11,35,5,3,47,0,0,19,33,0,0,83,2,0,0,0,0,0,0,0,0,0,0,0,0,0,0
A0Q7KO_smap29,AF-A0Q7K0-F1-model_v4,docking_ranked_9,0,0,0,0,0,0,0,0,0,0,0,0,0,0,0,0,0,0,0,0,0,0,0,0,0,0,0,0,0,0,0,0,0,0,0,0,0,0,0,0,0,0,4,0,2,9,0,0,0,0,0,21,13,0,0,32,0,0,11,67,1,0,36,2,0,0,12,0,59,20,20,62,5,0,7,61,100,0,86,4,0,0,9,0,0,0,0,0,0,0,0,0,0,0
A0Q7KO_smap29,AF-A0Q7K0-F1-model_v4,docking_ranked_10,0,0,0,0,0,0,0,0,0,0,0,0,0,0,0,0,0,0,0,0,0,0,0,0,0,0,0,0,0,0,0,0,0,0,0,0,0,0,0,0,0,0,11,0,64,40,0,0,0,0,5,81,28,0,5,119,0,0,41,43,0,0,37,9,0,0,7,1,15,9,1,58,0,0,30,17,0,0,59,0,0,0,0,0,0,0,0,0,0,0,0,0,0,0
